Company Name,Phone Number,Website,Country,Email
10hoch4 Energiesysteme GmbH,+43 676 3090780,www.10hoch4.at,Austria,
1st Level Solar GmbH,+43 1 4168517,www.1stlevelsolar.com,Austria,
Adler Erik,+43 664 2341680,www.adler-technik.at,Austria,info@adler-technik.at
AES Energie Technik GmbH,+43 2872 754120,www.aes-energietechnik.at,Austria,
Air Toshiba,+43 2266 22260,https://www.air-toshiba.at,Austria,office@air-toshiba.at
Allmer GmbH,+43 7487 2241,https://www.air-toshiba.at,Austria,office@air-toshiba.at
Alois & Peter Samhaber GesmbH,+43 7276 2768,www.samhaber-gmbh.at,Austria,
Alois Perwein GmbH,+43 6452 6401,www.perwein.at,Austria,office@perwein.at
Alpsan Vertriebs GmbH,+43 5232 2100160,https://www.alpsan.at,Austria,office@alpsan.at
Alternativ Installationen GmbH,+43 7734 34014,www.a-i.at,Austria,office@a-i.at
Andreas Gretzel Elektro - Photovoltaik,+43 664 2378462,www.photovoltaik-gretzel.at,Austria,
Andreas Kreiseder GmbH,+43 662 480276,www.andreas-kreiseder.at,Austria,info@andreas-kreiseder.at
APEM GmbH,+43 3337 33323,https://www.apem.at,Austria,office@apem.at
Appel GmbH,+43 2841 9001,appel.at,Austria,vitis@appel.at
ARES - Energysystems GmbH,+43 699 10201021,www.ares-energysystems.com,Austria,
Austria Energy Group,+43 1 3363336,https://www.austriaenergy.com,Austria,office@austriaenergy.com
AustroInstal Srl,+43 688 60777111,www.austroinstal.ro,Austria,office@austroinstal.ro
Balmax Solar & Elektrotechnik,+43 2683 48980,www.balmax.at,Austria,
Bau & Dach GmbH Spenglerei - Dachdeckerei,+43 316 723130,www.bau-dach.at,Austria,office@bau-dach.at
Baumgartner Energy GmbH,+43 7735 20256,www.baum-energy.at,Austria,office@rundrweb.com
Bayer GmbH,+43 2758 4010,www.bayer-installationen.com,Austria,markus@bayer-installationen.com
Bayer Elektrohandel GmbH,+43 7586 7281,https://www.elektrobayer.com,Austria,office@elektrobayer.com
BE-Tech,+43 676 3727610,www.be-tech.at,Austria,
BF Elektrotechnik Gmbh,+43 699 10308291,www.bf-elektrotechnik.at,Austria,office@bf-elektrotechnik.at
Blaim GmbH,+43 2982 3667,www.solarprofi.at,Austria,blaim@solarprofi.at
Blue-Solution GmbH,+43 2234 744680,www.blue-solution.at,Austria,office@lehner-sicherheitstechnik.at
Betriebsmontagen Dienstleistungen GmbH,+43 7248 61591,www.bmd.co.at,Austria,
BOS GmbH,+43 512 583872,www.bos-technology.eu,Austria,
Wärme- und Elektrotechnik Wilfried Boxrucker,+43 7713 505515,www.boxrucker.at,Austria,
Bramac Dachsysteme International GmbH,+43 2757 40100,www.bramac.com,Austria,
BRE Installationen Buchner-Raidel-Enzinger GesmbH,+43 6215 82150,https://www.bre.at,Austria,office@bre.at
Breitsprecher Erneuerbare Energien GmbH,+43 699 13322441,www.breitsprecher.at,Austria,
Brüder Gros,+43 1810 51000,https://www.bruedergros.at,Austria,
Dachdeckerei Spenglerei Brugger GmbH,+43 4762 81719,www.bruggerdach.at,Austria,
Brunner Max GmbH,+43 5242 64535,www.haustechnik-brunner.at,Austria,maxb@haustechnik-brunner.at
BW-Dach,+43 699 12980012,https://www.bw-dach.at,Austria,info@bw-dach.at
Carbon Projektentwicklung GmbH,+43 2734 32270,www.carbon-austria.com,Austria,
Clean Capital Energy Group GmbH,+43 50 2640,https://at.cce.solar,Austria,
CCE Österreich GmbH,+43 50 2640,https://www.cc-energy.com,Austria,
Clicksolar GmbH,+43 463 740488,www.clicksolar.at,Austria,
Conversio GmbH,+43 4769 20834,conversioaustria.at,Austria,office@conversioaustria.at
CPG Competitive Power Generation GmbH,+43 1 9710971,https://www.cpg-power.at,Austria,office@cpg-power.at
CrossPower Energy GmbH,+43 2236 367633,https://www.cpg-power.at,Austria,office@cpg-power.at
Dachdeckerei Hans-Peter Felbermayer,+43 2236 41548,www.hpf-dach.at,Austria,
DAfi GmbH,+43 6458 20160,www.dafi.at,Austria,solar@dafi.at
De Corti GmbH,+43 3465 3147,https://www.decorti.at,Austria,info@decorti.at
Die Elektroprofis,+43 650 3952865,www.elektroprofis.at,Austria,info@elektroprofis.at
DieNeuen Bau & Haustechnik GmbH,+43 3179 27755,www.die-neuen.at,Austria,info@die-neuen.at
Dillinger Installationstechnik,+43 2272 63328,www.dillinger.co.at,Austria,office@dillinger.co.at
Dino Energie GmbH,+43 669 13323333,www.dino-energie.at,Austria,
Dipl. Ing. F. Legerer Installationstechnik GesmbH,+43 2282 8538,www.haustechnik-legerer.at,Austria,office@haustechnik-legerer.at
Dispo-projekts,+43 676 5441909,www.sonnenkw.at,Austria,info@sonnenkw.at
Doma Elektro Engineering GmbH,+43 7752 81097,www.sonnenkw.at,Austria,info@sonnenkw.at
DOMA Solartechnik,+43 5524 53530,www.domasolar.com,Austria,office@domasolar.com
Ing. Hans Drascher GmbH,+43 1 7987538,www.drascher.at,Austria,
E-klar Technologies GmbH,+43 7766 4444,www.e-klar.com,Austria,
E-Natura GmbH,+43 676 3025582,www.e-natura.at,Austria,
E-Tech Demuth GmbH,+43 2142 20030,www.e-techdemuth.at,Austria,info@e-techdemuth.at
E-Technik Laure GmbH,+43 463 511282,https://www.et-laure.at,Austria,m.veratschnig@et-laure.at
E-Werk Gleinstätten GmbH,+43 3457 40110,www.ktg-austria.at,Austria,office@ktg-austria.at
E-Werk Gröbming,+43 3685 223430,https://www.das-ewerk.at,Austria,10-oekostrom-d3285f55be00557gdefecaf1693ca381@2x.jpg
E. Kneidinger GmbH & Co. KG,+43 7223 85275,www.elektro-kneidinger.at,Austria,office@elektro-kneidinger.at
E.C.E. Wurmitzer GmbH,+43 4276 3663,www.wurmitzer.at,Austria,office@wurmitzer.at
e.denzel GmbH,+43 316 273188,www.e-denzel.at,Austria,office@e-denzel.at
E1 Wärme und Energie GmbH,+43 316 900055000,www.e-eins.at,Austria,office@e-eins.at
EAH Elektro-Anlagen-Huber GmbH,+43 5442 62750,www.e-eins.at,Austria,office@e-eins.at
Elektro- Anlagen u. Verteilerbau GmbH,+43 7748 32214,https://www.eav-gmbh.at,Austria,office@eav-gmbh.at
Eco-Tec.at Photovoltaics GmbH,+43 3682 243640,www.eco-tec.at,Austria,office@eco-tec.at
Ecowatt Erneuerbare Energien GmbH,+43 3124 541110,https://www.ecowatt.at,Austria,
Elektrotechnik Christoph Peer,+43 664 4244338,https://www.elektro-christophpeer.at,Austria,etech.peer@gmail.com
Edirektsolar GmbH,+43 5574 23891,www.edirektsolar.at,Austria,office@edirektsolar.com
EET-Knees GmbH & Co KG,+43 4224 23735,https://www.eet-knees.at,Austria,14370afcdc17429f9e418d5ffbd0334a@sentry.wixpress.com
EGIP GmbH,+43 664 88187400,www.egip.at,Austria,office@egip.at
Ehoch2 Energy Engineering,+43 676 5342989,www.ehoch2.co.at,Austria,florian@ehoch2.co.at
Einsiedler Solartechnik GmbH,+43 7242 43284,www.einsiedler-solar.at,Austria,office@einsiedlersolar.at
ekt Photovoltaik Elektro und Kommunikationstechnik,+43 6244 20500,www.ekt.at,Austria,office@ekt.at
Elektro Tischner & Klein GmbH,+43 4242 550110,www.etk.at,Austria,stoerungsdienst@etk.at
Elando Elektrotechnik GmbH,+43 6582 21003,www.etk.at,Austria,stoerungsdienst@etk.at
Electric Maric GmbH,+43 316 824294,www.elektro-marics.at,Austria,
Electrical Engineering Leitinger Photovoltaik GmbH,+43 6583 20901,https://www.photovoltaik-elektrotechnik.at,Austria,
Electrical Engineering Thomas Ostermann GmbH,+43 664 2711117,www.thomasostermann.at,Austria,
Elekrtotechnik Fritz,+43 650 2025483,https://www.elektrofritz.at,Austria,office@elektrofritz.at
Elektrizitätswerk Gösting V. Franz GmbH,+43 316 60770,www.ewg.at,Austria,office@ewg.at
Elektro - Industrieanlagenbau GesmbH,+43 800 400171731,www.elektrofleischer.at,Austria,office@elektrofleischer.at
Elektro & Electronic Brunmüller GmbH,+43 7476 773200,www.brunmueller.at,Austria,
Elektro Achorner GmbH,+43 5356 63326,https://www.elektro-achorner.at,Austria,office@elektro-achorner.at
Elektro Antretter GmbH,+43 5334 6225,elektro-antretter.at,Austria,767w@2x.jpeg
Elektro Auer GmbH,+43 1 6039200,www.elektro-auer.com,Austria,office@elektro-auer.com
Elektro Babinsky KG,+43 2952 2146,www.elektrobabinsky.at,Austria,
Firma Elektro Böhm,+43 664 4710544,www.elektrobabinsky.at,Austria,
Elektro Buchinger GmbH,+43 7682 6275,expert-buchinger.at,Austria,767w@2x.jpeg
Elektro Buder GmbH,+43 7246 801880,www.elektro-buder.at,Austria,office@elektro-buder.at
Elektro Dohr GmbH,+43 4352 2293,https://www.elektro-dohr.at,Austria,767w@2x.jpeg
Elektro Dollfuß GmbH,+43 7483 7077,www.elektrodollfuss.at,Austria,office@elektrodollfuss.at
Elektro Ebner Gesellschaft m.b.H. & Co. KG.,+43 7435 52594,https://www.elektroebner.at,Austria,767w@2x.jpeg
Elektro Enzi Handelsges m.b.H.,+43 4235 2292,www.elektroenzi.at,Austria,elektroenzi@aon.at
Elektro EPP GmbH,+43 2642 52017,elektro-epp.at,Austria,
Elektro ESL Gmbh,+43 6474 29120,www.esl-elektro.at,Austria,michael.schnedlitz@esl-elektro.at
Elektro Feichtner,+43 7712 2401,https://elektro-feichtner.at,Austria,
Elektro Froschauer Gesellschaft mbH & Co KG,+43 7479 7264,expertfroschauer.at,Austria,767w@2x.jpeg
Elektro Gasser GmbH,+43 48 22303,www.elektro-gasser.at,Austria,
Elektro Göbl-Schachinger GmbH,+43 664 4529629,et-schachinger.at,Austria,office@et-schachinger.at
Elektro Hackl GmbH,+43 4762 42073,www.elektrohackl.at,Austria,office@elektrohackl.at
Elektro Hainz GmbH,+43 5282 2578,www.elektro-hainz.at,Austria,info@elektro-hainz.at
Elektro Hartlieb GmbH,+43 4762 5235,www.elektro-hartlieb.at,Austria,office@elektro-hartlieb.at
Elektro Helmut Sunk eU,+43 676 4970586,www.elektro-sunk.at,Austria,
Elektro Hentschel Gesellschaft m.b.H.,+43 3622 716730,www.elektro-sunk.at,Austria,
Elektro Horvath GesmbH,+43 2146 2317,www.elektrohorvath.at,Austria,office@elektrohorvath.at
Elektro Kammerhofer GmbH,+43 3858 61110,www.ok-kammerhofer.at,Austria,
"Kammerhofer & Co. Elektrotechnisches Installationsunternehmen, GmbH",+43 7252 891,www.kammerhofer.at,Austria,office@kammerhofer.at
Elektro Karrer GesmbH,+43 7224 4318,www.karrernet.at,Austria,office@karrernet.at
Elektro Kern GmbH,+43 7942 72600,www.e-kern.at,Austria,office@e-kern.at
Elektro Klocker GMBH,+43 5334 30720,https://www.elektro-klocker.at,Austria,info@elektro-klocker.at
Elektro Kogler GesmbH,+43 4262 2676,www.elektro-kogler.at,Austria,office@elektro-kogler.at
Elektro Kölbel KG,+43 7444 7251,www.elektro-koelbel.at,Austria,service@elektro-koelbel.at
Elektro Korschan e.U.,+43 2622 71017,www.solar-pv.at,Austria,
Elektro Kropiunik GesmbH,+43 4228 3397,www.elektro-kropiunik.at,Austria,office@elektro-kropiunik.at
Elektro Lafer GmbH,+43 3472 2142,www.elektro-lafer.at,Austria,office@elektro-lafer.at
Elektro Landschützer GmbH & Co KG,+43 6477 8389,expert-landschuetzer.at,Austria,767w@2x.jpeg
Elektro Lang GmbH & Co KG,+43 3455 804420,www.elektro-lang.at,Austria,
Elektro Langeder GmbH & Co KG,+43 6468 52900,https://www.elektro-langeder.at,Austria,elektro-langeder@aon.at
Elektro Leitl GmbH,+43 7723 42380,www.elektro-leitl.at,Austria,office@elektro-leitl.at
Elektro Lichtenwagner GmbH & Co KG,+43 7615 7377,www.elektro-lichtenwagner.at,Austria,
Elektro Lipp,+43 676 7510771,https://www.elektro-lipp.at,Austria,office@elektro-lipp.at
Elektro Andreas Maislinger,+43 7748 3041,www.elektro-maislinger.at,Austria,
Elektro Mayerhofer Ges.m.b.h.,+43 2253 7971,https://www.ekm1.at,Austria,office@ekm1.at
Elektro Meier Hubert,+43 6641 449803,www.elektro-meier-hubert.at,Austria,office@elektro-meier-hubert.at
Elektro Mörth GmbH,+43 2953 2326,www.elektro-moerth.at,Austria,
Energietechnik Nauschnegg GmbH,+43 3466 43054,www.nauschnegg.at,Austria,max@mustermann.at
Elektro Neuböck Ges.m.b.H. & Co. KG,+43 7719 86100,www.neuboeck.at,Austria,
Elektro Neuhuber GmbH,+43 7682 4094,www.elektro-neuhuber.at,Austria,office@rundrweb.com
Elektro Neunegger GmbH,+43 4762 2314,www.elektro-neuhuber.at,Austria,office@rundrweb.com
Elektro Oberreiter GmbH & Co. KG,+43 7945 7686,www.elektro-oberreiter.at,Austria,andreas@elektro-oberreiter.at
Elektro Ortner GmbH,+43 4852 68660,elektro-ortner.at,Austria,767w@2x.jpeg
Elektro Pointner,+43 699 18000097,www.elektro-pointner.at,Austria,office@rundrweb.com
Elektro Pühringer GmbH,+43 7269 7575,www.ep-puehringer.at,Austria,
Elektro Rapold GmbH,+43 2674 87373,https://www.elektro-rapold.at,Austria,office@elektro-rapold.at
Elektro Rauch e.U.,+43 2854 6370,www.elektro-rauch.at,Austria,office@elektro-rauch.at
Elektro Rauhofer GmbH & Co. KG,+43 1616 72810,www.rauhofer.at,Austria,office@rauhofer.at
Elektro Rechberger GmbH,+43 3336 4383,www.elektro-rechberger.at,Austria,office@elektro-rechberger.at
Elektro Reiter,+43 662 823461,www.elektroservicepartner-reiter.at,Austria,elektro-reiter@gmx.at
Elektro Rutter GmbH,+43 4232 2242,elektro-rutter.at,Austria,767w@2x.jpeg
Elektro Schober GmbH,+43 2955 71188,www.elektro-schober.at,Austria,
Elektro Schwaiger GmbH,+43 6584 7806,elektroschwaiger.at,Austria,767w@2x.jpeg
Elektro Spreitzer GmbH,+43 7475 52327,www.elektro-spreitzer.at,Austria,office@elektro-spreitzer.at
Elektro Stadler GmbH,+43 5339 8912,www.elektro-stadler.at,Austria,767w@2x.jpeg
Elektro Stecher,+43 5574 53565,www.elektro-stadler.at,Austria,767w@2x.jpeg
Elektro Technik Plangger GmbH,+43 5476 6060,www.elektro-plangger.at,Austria,info@elektro-plangger.at
Elektro Tisch GmbH,+43 42463959,elektrogeraete-haushaltsgeraete-shop.at,Austria,johndoe@domain.com
Elektro Volk Ges.m.b.H,+43 2732 71165,www.volk.at,Austria,elektro@volk.at
Elektro Wenger GmbH,+43 6245 809660,www.elektro-wenger.at,Austria,office@elektro-wenger.at
Elektro Widlroither Installations- und Handels G.m.b.H,+43 6232 2266,elektro-widlroither.at,Austria,767w@2x.jpeg
Elektro Wiesinger GmbH,+43 7260 21044,www.elektro-wiesinger.at,Austria,Firmenlogo_original-Vektor-Menu@1x.jpg
Elektro Winter,+43 676 3714020,www.elektro-winter.at,Austria,
Elektro Wirth GmbH,+43 2688 72512,www.elektro-wirth.at,Austria,
Elektro-Kollaczia GmbH,+43 5332 81737,www.elektro-wirth.at,Austria,
Elektro-Meisterbetrieb - Bernhard Herzog e.U.,+43 2252 78808,www.elektro-wirth.at,Austria,
Elektro.con Elektromontagen- und Anlagentechnik GmbH,+43 2263 81150,https://www.elektro-con.at,Austria,
Elektrojet Kuterer GmbH,+43 3175 30588,https://www.elektro-con.at,Austria,
Elektrotechnik Andreas Strasser,+43 5223 55564,https://www.elektro-con.at,Austria,
Elektrotechnik Harald Tantscher,+43 3151 30596,https://www.elektrotechnik-tantscher.at,Austria,
Elektrotechnik Krenmayr Ges.m.b.H.,+43 2646 2226,www.krenmayr.co.at,Austria,
Elektrotechnik Moser,+43 676 3123340,https://www.elektrotechnik-moser.at,Austria,info@elektrotechnik-moser.at
Elektrotechnik Neuhold GmbH,+43 664 1322032,elektrotechnik-neuhold.at,Austria,
Elektrotechnik Nothegger GmbH,+43 6548 20177,https://www.elektro-nothegger.at,Austria,office@elektro-nothegger.at
Elektrotechnik Roider KG,+43 699 12565978,www.elektrotechnik-roider.at,Austria,
e.t.u. Elektrotechnik Unger GmbH,+43 2212 21165,www.etu.co.at,Austria,office@etu.co.at
Elektrotechnik Walter Traxler GmbH & Co KG,+43 676 83465200,www.elektro-installationen.wien,Austria,elektrotechnik@waltertraxler.at
Elektrotechnik Wiederin,+43 660 7096393,https://www.e-wiederin.at,Austria,thomas@e-wiederin.at
Elektrotechnik Wild GmbH,+43 7252 48759,elektrotechnik-wild.at,Austria,767w@2x.jpeg
Elektrowerkstatt Gubesch Ges.m.b.H.,+43 7258 29397,www.gubesch.at,Austria,
ELMA eU,+43 664 1005433,www.elma.at,Austria,
Elwera Installations GesmbH,+43 1 76921250,https://www.elwera.at,Austria,buero@elwera.at
Emh-automatisierung GmbH,+43 660 3919385,www.emh-automatisierung.at,Austria,office@emh-automatisierung.at
EMK Elektrotechnik Kuternig e.U.,+43 4228 387850,www.emk-kuternig.at,Austria,office@emk-kuternig.at
EMMZ Elektro-Management,+43 800 400171436,https://www.emmz.at,Austria,
EN Elektrotechnik GmbH,+43 800 400172181,https://www.en-elektrotechnik.at,Austria,office@en-elektrotechnik.at
ENcome Energy Performance GmbH,+43 463 210300905,www.en-come.com,Austria,
Energetica Energy GmbH,+43 4215 93056,www.energetica-pv.com,Austria,office@energetica-pv.com
Energie AG Oberösterreich,+43 800 818000,www.energieag.at,Austria,service@energieag.at
Energie Burgenland AG,+43 5 77700,www.energieburgenland.at,Austria,
Energie Consulting Ing. Walter Kohlfürst BSc.,+43 660 4030932,https://www.energieconsulting-kohlfuerst.at,Austria,info@energieconsulting-kohlfuerst.at
Energie Graz GmbH & Co KG,+43 316 80571857,www.energie-graz.at,Austria,
Energie Steiermark AG,+43 316 9000,https://www.e-steiermark.com,Austria,
Energie und Badkultur GmbH,+43 3352 21091,https://www.energieundbadkultur.at,Austria,
Energieautonom GmbH,+43 6543 21200,https://e-autonom.at,Austria,
Energietechnik GmbH,+43 5354 88425,https://www.1a-energietechnik.at,Austria,stulrich@1a-bad.at
Energy3000 Solar GmbH,+43 720 993000,www.energy3000.com,Austria,
Entner Matthias Photovoltaik und Montage,+43 79 3036019,www.entner-photovoltaik.at,Austria,
EP Haustechnik KG,+43 4284 20438,www.entner-photovoltaik.at,Austria,
EP:Elektrotechnik Langer GmbH,+43 6214 6608,www.entner-photovoltaik.at,Austria,
EQ-Systems GmbH,+43 5573 84176,www.eq-systems.at,Austria,
ERGE Electronics GmbH,+43 1 8108661,www.eq-systems.at,Austria,
Erhart-EMS Green Tech Solutions GmbH,+43 3382 209151,www.erhart-ems.at,Austria,
Ernst Schiermayr GesmbH & Co. KG,+43 7673 2066,www.schiermayr.at,Austria,office@schiermayr.at
Elektro-Regeltechnik Steiner GmbH,+43 3332 21800,www.elektro-regeltechnik.at,Austria,office@elektro-regeltechnik.at
Elektronische Steuerungs- und Automatisierungs Ges.m.b.H.,+43 7253 75150,https://www.esa.at,Austria,
Essl Dach GmbH,+43 6232 3385,www.essl-dach.at,Austria,office@essl-dach.at
ET-König GmbH,+43 664 5319079,www.et-koenig.at,Austria,
Etech Schmid u. Pachler Elektrotechnik GmbH & CoKG,+43 732 7128120,www.etech.at,Austria,office@etech.at
ETL Elektrotechnik GmbH,+43 7724 44004,www.etl-elektrotechnik.at,Austria,
Etm-energy.at,+43 680 4019396,https://www.etm-energy.at,Austria,
Etr Elektrotechnik Reiter,+43 644 5111107,https://www.etr.co.at,Austria,office@rundrweb.com
Elektro Technik Schiffner GmbH,+43 664 88199501,www.et-schiffner.at,Austria,20office@et-schiffner.at
Everto Solarstrom & Photovoltaiktechnik,+43 3452 20802,www.everto.at,Austria,mail@everto.at
EXA GmbH,+43 699 15000122,www.exa.co.at,Austria,
Expert Österreich e.Gen.,+43 7242 290700,https://www.expert.at,Austria,767w@2x.jpeg
Expert Bruckner e.U.,+43 7475 52391,https://www.expert.at,Austria,767w@2x.jpeg
Expert Dorfmayr,+43 7477 42250,https://www.dorfmayr.at,Austria,767w@2x.jpeg
Expert Haghofer,+43 7942 72314,https://www.dorfmayr.at,Austria,767w@2x.jpeg
Expert Hein,+43 3159 2555,expert-hein.at,Austria,767w@2x.jpeg
Expert Hölzl,+43 6415 4257,https://www.elektro-hoelzl.at,Austria,767w@2x.jpeg
Expert Lenz,+43 7260 45140,https://www.elektro-hoelzl.at,Austria,767w@2x.jpeg
Expert Voglmayr,+43 7766 2310,https://www.elektro-hoelzl.at,Austria,767w@2x.jpeg
EZP Systec GmbH,+43 316 6821930,www.ezp-systec.at,Austria,
F&M Elektrotechnik GmbH,+43 6216 5250,www.fmelektro.at,Austria,
Fabbri Dach GmbH,+43 2662 42304,www.fabbri.at,Austria,
Farcher GesmbH,+43 2764 2370,www.fabbri.at,Austria,
Johann Fasching Installation GmbH,+43 3865 3118,www.ht-fasching.at,Austria,office@ht-fasching.at
Feistritzwerke Steweag GmbH,+43 3112 26530,www.feistritzwerke.at,Austria,office@feistritzwerke.at
Fida-Installationen GmbH,+43 2841 8685,www.fida-installationen.at,Austria,
Fiegl & Spielberger GmbH,+43 512 3333,www.fiegl.co.at,Austria,menu-icon@2x.png
Florian Lugitsch KG,+43 3152 25540,www.e-lugitsch.at,Austria,office@lugitsch.at
Forschner Haustechnik GmbH,+43 2536 72970,www.e-lugitsch.at,Austria,office@lugitsch.at
Franz Rehberger GmbH,+43 2236 23435,www.e-lugitsch.at,Austria,office@lugitsch.at
Freiding Erneuerbare Energien GmbH,+43 316 3393920,www.freiding.at,Austria,
Friedrich Neidhart Ges.m.b.H.,+43 2754 6254,www.neidhart.at,Austria,
Fuchs Josef GmbH,+43 2616 2000,www.josef-fuchs.at,Austria,
Funktechnik Klein GmbH,+43 3354 2012220,https://www.ftk.at,Austria,
G. Braumann Gesellschaft m.b.H.,+43 7750 20300,https://www.braumann.co.at,Austria,office@rundrweb.com
Gamsjäger GmbH,+43 7412 522490,elektrogamsjaeger.at,Austria,767w@2x.jpeg
Gasokol GmbH,+43 7269 76600,www.gasokol.at,Austria,office@gasokol.at
GAT Solar GmbH,+43 3176 8127,gruebl-automation.at,Austria,
Gatterer GmbH,+43 4852 67433,www.gatterer-heizung.com,Austria,info@gatterer-heizung.com
Gawahei Installationen GmbH,+43 2236 379998,https://www.gawahei.at,Austria,office@gawahei.at
GCC Spenglerei,+43 2955 71284,https://www.spenglerei-gcc.at,Austria,
Gebrüder Limmert Aktiengesellschaft,+43 662 889330,www.limmert.com,Austria,
Michael Geist,+43 2946 2247,www.limmert.com,Austria,
Geko Systemstahlbau GmbH,+43 4715 24805,www.geko.pro,Austria,
Elektrotechnik Georg Eisl GmbH,+43 6137 7022,www.elektro-eisl.at,Austria,service@elektro-eisl.at
Gernot Brunner e.U.,+43 4875 6944,expert-brunner.at,Austria,767w@2x.jpeg
Glasbautechnik Schmidhuber,+43 6235 7334,www.glasbautechnik-schmidhuber.at,Austria,office@glasbautechnik-schmidhuber.at
Gnam Elektrotechnische Anlagen Ges.m.b.H,+43 2622 78771,www.gnam.at,Austria,dominik@gnam.at
GPA System Group,+43 676 6406457,www.greenpact.at,Austria,
Graspointner Robert GmbH,+43 6232 28310,www.graspointner.com,Austria,
Green Focus Contracting,+43 1300 733172,https://www.gfcontracting.com.au,Austria,alex@gfcontracting.com.au
Green Source GmbH,+43 1 89021720,www.greensource.at,Austria,office@greensource.at
Gruber Haustechnik,+43 3185 2374,www.gruberhaustechnik.at,Austria,
Grundner Solarmontagen GmbH,+43 7614 20054,www.grundner-solarmontagen.at,Austria,office@grundner-solarmontagen.at
Grutsch Technik GmbH,+43 5412 61181,www.grutsch.at,Austria,office@grutsch.at
GS Technik Produktions- und Vertriebs GmbH,+43 4235 22202,www.grutsch.at,Austria,office@grutsch.at
Günther Handle GmbH,+43 5472 6418,https://www.handle.co.at,Austria,officeried@handle.co.at
Gutenthaler Elektroinstallationen GesmbH,+43 2243 83338,www.gutenthaler.at,Austria,
Guttmann Elektrotechnik GmbH,+43 7254 8243,https://www.elektrotechnik-guttmann.at,Austria,14370afcdc17429f9e418d5ffbd0334a@sentry.wixpress.com
GemeindeWerke Telfs GmbH,+43 5262 62330,www.gwtelfs.at,Austria,
GWH Energietechnik GmbH,+43 2252 55998,www.energytec.at,Austria,office@energytec.at
Installateur Harald Meisinger e.U.,+43 7282 7033,www.meisinger.cc,Austria,office@rundrweb.com
H2 Energietechnik GmbH,+43 7245 21114,h2e.at,Austria,office@hofer-energieservice.at
Haberl Elektrotechnik GmbH,+43 7719 20136,www.elektrotechnik-haberl.at,Austria,
Hammerschmid GmbH,+43 7236 2246,www.hammerschmid-hzg.at,Austria,office@hammerschmid-hzg.at
Hanlo Hauser,+43 800 311312,https://www.hanlo.at,Austria,
Hans Anton Hochfilzer,+43 5333 5443,elektro-hochfilzer.at,Austria,767w@2x.jpeg
Harisberger Fair Energy e.U.,+43 660 2737606,https://www.harisberger.at,Austria,
Haustechnik Güssing GmbH,+43 3322 42321,www.htg.at,Austria,
Haustechnik Hochrieder GmbH,+43 2274 22380,https://www.hochrieder.at,Austria,technik@hochrieder.at
Haustechnik Vöcklabruck,+43 7672 727150,www.haustechnik-voecklabruck.at,Austria,
HBT Energietechnik e.U,+43 3582 210190,hbt-energy.com,Austria,office@hbt-energy.com
Heidecker Ges.m.b.H. Dachdeckerei,+43 2272 66362,heidecker.at,Austria,office@heidecker.at
Heizfink,+43 664 1409277,heizfink.at,Austria,info@heizfink.at
Heizung Sanitär H. Uhrmann Ges.m.b.H.,+43 1 20418190,https://www.uhrmann.at,Austria,office@uhrmann.at
Heizungsbau Solartechnik,+43 2849 8615,www.solar-kuhn.at,Austria,info@solar-kuhn.at
Hellmayr GmbH,+43 7249 47006,www.hellmayr.at,Austria,
Helm Sicherheits-/Energietechnik,+43 7729 20200,www.setech-helm.at,Austria,office@setech-helm.at
Herbitschek Bau-GmbH,+43 3173 23580,www.herbitschek.at,Austria,
Hereschwerke GmbH,+43 3182 22160,www.hereschwerke.com,Austria,
Hess Bauspenglerei und Dachdeckerei GmbH,+43 1 8133288,www.unserdach.at,Austria,
Hinteregger-ESTEC Gesellschaft für Energiespartechnologie GmbH,+43 2236 3771800,https://www.solartechnik.at,Austria,
Hochstöger Ges.m.b.H,+43 7265 5262,https://www.hochstoeger-dach.at,Austria,office@hochstoeger-dach.at
Höller Elektrotechnik GmbH,+43 2944 26026,www.elektro-hoeller.at,Austria,
Hörburger GmbH & Co KG,+43 5576 72483,www.elektro-hoeller.at,Austria,
Rudolf Hörmann GmbH & Co. KG,+43 8241 96820,www.hoermann-photovoltaik.com,Austria,
Hörmann Technik GmbH,+43 2842 51600,www.hoermann-photovoltaik.com,Austria,
HSA Scharrenbroich GmbH,+43 2266 63437,www.hsa.co.at,Austria,office@hsa.co.at
Holz die Sonne ins Haus Energieconsulting GmbH,+43 4212 30440,holzdiesonne.net,Austria,
Huber Photovoltaik GmbH,+43 676 7283517,pv-huber.at,Austria,info@pv-huber.at
Hubmann Bau GmbH,+43 3135 46149,www.hubmann-bau.at,Austria,
Huemer GmbH,+43 7241 28600,www.huemer-energietechnik.at,Austria,
i+R Gruppe GmbH,+43 5574 6888,https://www.ir-gruppe.com,Austria,info@ir-gruppe.com
Ing. Aigner Wasser-Wärme-Umwelt GmbH,+43 7227 6081,www.ing-aigner.at,Austria,office@ing-aigner.at
Ing. Erwin Dobraunig Ges.m.b.H.,+43 4213 2097,www.dobraunig.at,Austria,
Ing. Fritz Manschein GmbH,+43 2574 2138,www.elektro-manschein.at,Austria,office@elektro-manschein.at
Ing. Gindl Gesellschaft m.b.H.,+43 2245 6000,www.gindl.at,Austria,office@gindl.at
Ing. Hans Jürgen Laschat,+43 3144 34500,baudendistel.at,Austria,767w@2x.jpeg
Ing. Kiselka Umwelttechnik GmbH,+43 2236 866346,www.kiselka.at,Austria,
Ing. Witke Ges.m.b.H.,+43 176 98350,www.witke.com,Austria,
IS-Elektrotechnik GmbH,+43 2622 75533,www.e-installationen.at,Austria,info@yourdomain.com
ITH Engineering,+43 664 5066749,www.ith-engineering.at,Austria,
IWD GmbH,+43 4352 71018,iwd-gmbh.at,Austria,
JED Solar Service eU,+43 4266 27600,https://www.jedsolarservice.at,Austria,office@jedsolarservice.at
JK Dach GmbH & Co. KG,+43 4239 3130,www.jkdach.com,Austria,office@jkdach.com
JM Montagen,+43 676 9350030,www.montage-solar.com,Austria,
Johann Redinger,+43 7722 635050,expert-redinger.at,Austria,767w@2x.jpeg
Josef Rieder Haustechnik GmbH,+43 6468 52400,https://www.rieder1a.at,Austria,
Jürgen Weidlinger GmbH,+43 7242 890039,www.sollets.at,Austria,office@sollets.eu
K.u.F. Drack GmbH & Co KG,+43 7615 22140,www.kfd.at,Austria,
DI Christopher Patrick Kager,+43 2682 61360,https://www.expert-kager.at,Austria,767w@2x.jpeg
KAP-Haustechnik GmbH,+43 316 241605,www.kap-haustechnik.at,Austria,
Kärnten Solar,+43 699 11041978,www.kaernten-solar.at,Austria,
Kernbauer Energy Solutions GmbH,+43 1 3944040,https://www.kernbauer-solutions.at,Austria,
Kiendler GmbH,+43 3183 82010,elektrotechnik.kiendler.at,Austria,office@kiendler.at
Kieninger GesmbH,+43 6135 68000,https://www.kieninger.at,Austria,office-goisern@kieninger.at
Klammler GmbH,+43 3179 23630,www.klammler.at,Austria,info@klammler.at
Klenk & Meder GmbH,+43  2742 8980,www.klammler.at,Austria,info@klammler.at
Klingler Installationen GmbH,+43 5339 815600,solarklingler.at,Austria,office@klinglerteam.at
Kmentt GmbH & Co KG,+43 316 282373,www.dach-kmentt.at,Austria,3615@2x.png
Koglertec e. U.,+43 664 88690783,www.dach-kmentt.at,Austria,3615@2x.png
Kollar GmbH,+43 2762 52276,www.kollar.at,Austria,office@kollar.at
Kommerzialrat Hrdlicka & Sohn GmbH,+43 2213 2413,dach-hrdlicka.at,Austria,office@dach-hrdlicka.at
KPV Solar GmbH,+43 463 21807323,www.kpv-solar.com,Austria,office@kpv-solar.com
Kraftwerk Photovoltaik GmbH,+43 5576 73304,www.kraftwerk-photovoltaik.at,Austria,office@kraftwerk-photovoltaik.at
Krammer Elektrotechnik GmbH & CO KG,+43 3452 86555,www.krammer-elektrotechnik.at,Austria,office@krammer-elektrotechnik.at
Kraus Franz Gesmbh,+43 1869 3699,https://www.dachschaden.co.at,Austria,
Kriechhammer Haustechnik GmbH,+43 7746 20531,www.kriechhammer.co.at,Austria,KH-Haustechnik-Logo@3x.png
Krottmeier Electrical System,+43 664 2733914,www.elektrik-krottmeier.at,Austria,office@krottmeier-elektrik.at
Kurt Wimmer GmbH,+43 7724 3297,expert-wimmer.at,Austria,767w@2x.jpeg
Lackner Energietechnik GmbH,+43 3685 23777,www.lackner-bhkw.at,Austria,office@lackner-bhkw.at
Raiffeisen-Lagerhaus Mostviertel Mitte eGen,+43 2757 2201,www.lagerhaus-mostviertelmitte.at,Austria,
Lauss Gebäudetechnik GmbH & Co KG,+43 7289 71575,www.lauss.at,Austria,
Lautner-Heizung GmbH,+43 2147 2572,www.lauss.at,Austria,
Lehner Dach GmbH,+43 7477 42544,www.lehnerdach.at,Austria,
Lemp Energietechnik eU,+43 2732 888333,https://www.lemp-energietechnik.at,Austria,office@lemp-energietechnik.at
Licht Loidl GmbH,+43 3338 22070,www.licht-loidl.at,Austria,
Licht und Wärme Elektrotechnik Burtscher GmbH,+43 5553 80099,www.lichtundwaerme.at,Austria,
Lichtenegger Etech,+43 6135 21455,www.lichtenegger-etech.at,Austria,
Lins Dach & Fassade GmbH,+43 5522 72308,www.linsdach.at,Austria,info@linsdach.at
Hans Lohr Gesellschaft m.b.H.,+43 1985 95850,www.lohr.at,Austria,office@lohr.at
LSG Group GmbH,+43 1 61666520,www.lsg-group.eu,Austria,
Lugar Installateur GesmbH,+43 1 8862759,https://www.lugar.at,Austria,
Lumplecker Elektro- und Energieoptimierungs GmbH,+43 7355 65640,lumplecker.at,Austria,767w@2x.jpeg
Luzian Bouvier Haustechnik & Fliesen GmbH,+43 5442 64444,https://www.bouvier.at,Austria,office@bouvier.at
M&G Bad+Raum GmbH,+43 1 7986129,www.badundraum.at,Austria,
M&M Energietechnik GmbH,+43 7248 64776,https://www.mm-energietechnik.at,Austria,
Marasolar GmbH,+43 7758 30500,www.marasolar.at,Austria,info@marasolar.at
Marecek GmbH,+43 2279 22680,https://www.marecek.at,Austria,office@marecek.at
Markus Mühlthaler,+43 6412 20567,https://www.marecek.at,Austria,office@marecek.at
Markus Stolz GmbH & Co KG,+43 5552 630240,www.stolz.at,Austria,
MayBerg OG,+43 699 19224203,www.mayberg.eu,Austria,
MC-Capital GmbH,+43 316 931219,www.mc-capital.eu,Austria,office@mc-capital.eu
MEA Solar GmbH,+43 7242 493234,www.mea-solar.at,Austria,anlagentechnik@eww.at
Merl Solar Technologies GmbH,+43 3862 5767914,www.mea-solar.at,Austria,anlagentechnik@eww.at
Metior Industrieanlagen Planungs- und Beratungs-Gesellschaft m.b.H.,+43 316 5868780,www.metior.at,Austria,
MFsolutions GmbH,+43 2254 74950,www.mfsolutions.at,Austria,office@mfsolutions.at
MHB - Holz und Bau GmbH im Mostviertel,+43 7442 55000,www.mhb.co.at,Austria,
MIKe eU,+43 680 1323858,www.mike.co.at,Austria,office@mike.co.at
Mitter GmbH,+43 2641 2238,www.mitterheizung.at,Austria,
Mitterhuemer GmbH,+43 72 52799,www.mitterhuemer.at,Austria,info@mitterhuemer.at
MK TEC GmbH,+43 664 5153041,www.mitterhuemer.at,Austria,info@mitterhuemer.at
MK Service e.U.,+43 664 1539623,www.mkservice.at,Austria,office@mkservice.at
Montron GmbH,+43 1607 2240,www.montron.at,Austria,
Moser Solar GmbH,+43 7588 7264,www.moser-solar.at,Austria,
MS Elektrotechnik GmbH,+43 664 4307726,www.ms-elektro.at,Austria,
MSP Solarpower GmbH,+43 7233 80570,https://www.msp-solarpower.at,Austria,office@rundrweb.com
Muggenhumer Energiesysteme GmbH,+43 7248 64633,www.muggenhumer.at,Austria,
Müller & Helmert GesmbH & Co. KG,+43 1 2161104,www.mueller-helmert.at,Austria,
Mysun Photovoltaic Elektrotechnik,+43 7223 80145,www.mysun.at,Austria,office@mysun.at
Neue Energie Technik GmbH,+43 662 8211000,www.neue-energie-technik.net,Austria,
Neudorfer Ges.m.b.h.,+43 7672 262960,www.alois-neudorfer.at,Austria,office@alois-neudorfer.at
Nikko Photovoltaik GmbH,+43 676 9048892,www.nikko-pv.at,Austria,
Nocker Metallbau GmbH,+43  5273 60500,www.nocker.at,Austria,ausschreibung@nocker.at
Noortec GmbH,+43 699 11100200,www.noortec.at,Austria,office@noortec.at
NUR Elektrotechnik GmbH,+43 2682 68111,www.nurelektro.at,Austria,office@nurelektro.at
Oekostrom AG,+43 5 0575555,www.oekostrom.at,Austria,office@domain.com
Ofenbinder Springsholz GmbH,+43 2742 8812020,www.ofenbinder.at,Austria,
Ökosolar PV GmbH,+43 800 232319,www.oekosolar.com,Austria,info@oekosolar.com
Ökovolt Solartechnik GmbH,+43 6278 71030,oekovolt.com,Austria,
Opbacher Matthias,+43 5288 62436,www.opbacher.com,Austria,info@opbacher.com
OTAenergy,+43 676 9406130,otaenergy.com,Austria,office@otaenergy.com
P & W GmbH,+43 3842 4243220,www.photovoltaik-waermepumpen.at,Austria,
Photovoltaics & Electrical Engineering Pernsteiner,+43 664 3835584,www.elektro-pernsteiner.at,Austria,office@elektro-pernsteiner.at
Photovoltaik Team,+43 676 5065061,photovoltaik-team.com,Austria,pv@photovoltaik-team.com
Photovoltaik.co Firma Ing Helmut Knotz,+43 1 5856181,www.photovoltaik.co.at,Austria,info@photovoltaik.co.at
Plasser Energy GmbH,+43 7722 640640,www.plasser-energy.at,Austria,info@plasser-energy.at
Platzl Installationstechnik GmbH,+43 664 2320363,https://www.platzl.net,Austria,office@platzl.net
Plexon Solar Hofbauer GmbH,+43 512 546444,www.plexon-solar.com,Austria,
Pöllmann & Partner GmbH,+43 6234 8585,www.plexon-solar.com,Austria,
Elektrotechnik Posch GmbH,+43 2762 62605,www.elektroposch.at,Austria,office@elektroposch.at
Priesch Installationen GmbH,+43 3117 3180,www.priesch-installationen.at,Austria,office@priesch-installationen.at
Pro Sonne Solartechnik,+43 676 3347960,www.prosonne.at,Austria,office@prosonne.at
Professional Energy Services GmbH,+43 1 4868080,www.profes.at,Austria,
Profi-Elektro Installations- und Handels GmbH,+43 4766 2068,profi-elektro.at,Austria,767w@2x.jpeg
Pucher Wärme- und Wassertechnik GmbH,+43 2735 21011,https://www.pucher-haustechnik.at,Austria,
Püspök Group,+43 2166 22881,https://www.pucher-haustechnik.at,Austria,
PVI GmbH,+43 463 2043080,www.pvi.co.at,Austria,sales@pvi.co.at
PVS Energy GmbH,+43 2522 20302,www.pvs-energy.at,Austria,info@pvs-energy.at
R-Power Umwelttechnik & Consulting GmbH,+43 5522 70164,www.pvs-energy.at,Austria,info@pvs-energy.at
R. Liebhart GmbH,+43 1 8178683,https://www.dachdeckerei-liebhart.at,Austria,office@dachdeckerei-liebhart.at
R1 Solar GmbH,+43 1 89031320,www.r1solar.com,Austria,
"Raymann Kraft der Sonne ""Photovoltaikanlagen"" GmbH",+43 2247 21760,www.raymann.at,Austria,
RCOM Elektro und Nachrichtentechnische Anlagen GmbH,+43 463 2917310,www.rcom.at,Austria,
RES Renewable Energy Systems GmbH,+43 662 821100,https://res-energy.at,Austria,office@res-net.eu
Resch Elektrotechnik GmbH,+43 3464 4044,https://res-energy.at,Austria,office@res-net.eu
ReschDach GmbH & Co KG,+43 2626 62526,www.reschdach.at,Austria,office@reschdach.at
RG-Sonnenstrom Gmbh,+43 664 3059003,www.reschdach.at,Austria,office@reschdach.at
Büro für Erneuerbare Energie - Ing. Leo Riebenbauer GmbH,+43 3339 25113,www.reschdach.at,Austria,office@reschdach.at
"Riegler - Bäder, Heizung",+43 2641 2421,https://www.installateur-riegler.at,Austria,
Robert Leitner Elektrotechnik GmbH,+43 1 8137138,www.elektro-leitner.wien,Austria,14370afcdc17429f9e418d5ffbd0334a@sentry.wixpress.com
Robert Reiter Dachdecker & Spengler GmbH,+43 3848 57626,www.reiter-dach.at,Austria,office@reiter-dach.at
Technik Center Rosel GesmbH,+43 3174 4448,www.reiter-dach.at,Austria,office@reiter-dach.at
ROTH Handel & Bauhandwerkerservice GmbH,+43 3151 22520,www.roth-diehandwerksmeister.at,Austria,
Royal Lion GmbH,+43 1 5813265,royal-lion.at,Austria,logo-elemente-Claim-03_3_230x@2x.png
RS Photovoltaik Betreiber GmbH,+43 664 3983100,royal-lion.at,Austria,logo-elemente-Claim-03_3_230x@2x.png
Rudolf Gutmann u. Sohn GmbH & Co KG,+43 3382 522540,www.gutmann.co.at,Austria,office@gutmann.co.at
Rudolf Stingeder e.U.,+43 732 640840,www.gutmann.co.at,Austria,office@gutmann.co.at
S.E.T Solarenergietechnik GmbH,+43 664 4539385,https://www.set-solar.at,Austria,office@set-solar.at
S&H Solar GmbH,+43 690 8016475,www.shsolar.at,Austria,office@shsolar.at
Salzach Sonne GmbH,+43 6565 21676,www.salzachsonne.at,Austria,Breadcrumb@Html.Partial
Sawotec Elektro Gmbh,+43 7752 81197,www.salzachsonne.at,Austria,Breadcrumb@Html.Partial
Schachner Dach GesmbH,+43 3135 47462,https://www.schachner-dach.at,Austria,office@schachner-dach.at
Schartner Elektro GmbH & Co KG,+43 6412 6327,https://www.schartner.at,Austria,office@schartner.at
Schelling Elektro Gesellschaft m.b.H. & Co. KG,+43 5572 22228,expert-schelling.at,Austria,767w@2x.jpeg
Ing. Edgar Schellmann,+43 676 3015303,expert-schelling.at,Austria,767w@2x.jpeg
Schneeberger GmbH,+43 7676 84950,https://www.expert-schneeberger.at,Austria,767w@2x.jpeg
Schönberger - Alternative Haustechnik GmbH,+43 7742 2911,www.wohlig-warm.at,Austria,
Schörkhuber Montage & Handel,+43 664 3815951,www.montage-handel.at,Austria,schoerkhuber@montage-handel.at
Schütz Technik GmbH,+43 7215 382000,https://www.schuetz-technik.at,Austria,office@schuetz-technik.at
SEC Sustainable Energy Concepts GmbH,+43 5 9809300,www.se-concepts.eu,Austria,office@se-concepts.eu
ServTec Elektrotechnik,+43 2755 93080,www.servtec24.com,Austria,14370afcdc17429f9e418d5ffbd0334a@sentry.wixpress.com
Seyfried-Jecho KG,+43 2952 2563,www.seyfried-jecho.at,Austria,
SHT Haustechnik AG,+43 5 96960,www.sht-gruppe.at,Austria,info@sht-gruppe.at
SI Energiesysteme GmbH,+43 2246 34388,solarindustries.at,Austria,info@si-e.at
Meisterbetrieb Gas - Wasser - Heizung - Lüftung Walter Simsalik,+43 2852 54116,https://www.simsalik.at,Austria,walter.simsi@simsalik.at
Sinus Photovoltaik GmbH,+43 7733 20785,www.sinus-pv.at,Austria,
Installateur Andreas Smutka,+43 2856 2428,www.smutka.com,Austria,smutka@aon.at
Solar Concept Schierl GmbH,+43 699 14648650,www.solarconcept.at,Austria,
Solar Engineering Guggenberger,+43 664 8119909,www.solarconcept.at,Austria,
Solar-Neuper GmbH,+43 3571 2307,www.solar-neuper.at,Austria,office@solar-neuper.at
SOLARier Gesellschaft für erneuerbare Energie mbH,+43 7235 89789,www.solarier.at,Austria,office@solarier.at
Solarpartner Energie- und Umwelttechnik GmbH,+49 7289 8905,www.solarpartner.at,Austria,
SolarPower Energietechnik GmbH,+43 699 12345787,www.spa-energietechnik.at,Austria,
Solarstrom.turbo.at GmbH,+43 2741 8060,www.spa-energietechnik.at,Austria,
solarWORK Montageservice GmbH,+43 3136 55728,www.solarwork.at,Austria,office@solarwork.at
Solatech Mathis GmbH,+43 5577 876030,www.mathis-solatech.com,Austria,info@solatech-mathis.com
Solavolta Energie- und Umwelttechnik GmbH,+43 5 90104640,www.sonnezustrom.at,Austria,hello@pixelarity.com
Sonnenkraft GmbH,+43 4212 45010,www.sonnenkraft.com,Austria,
JS Sonnenstrom GmbH,+43 664 1053838,www.sonnenstrom-stmk.at,Austria,
Sonnenstrom Salzburg,+43 664 2820632,www.sonnenstrom-salzburg.at,Austria,georg@windhofer.com
Installationen Spielmann Othmar GmbH,+43 5264 5400,www.spielmann-installationen.at,Austria,spielmann.othmar@aon.at
Spindler & Spindler OHG,+43 3113 85550,www.spielmann-installationen.at,Austria,spielmann.othmar@aon.at
Springer GesmbH,+43 2945 2282,www.springer-dach.at,Austria,
Expert Stadtwerke Amstetten,+43 7472 609331,www.springer-dach.at,Austria,
Stadtwerke Hartberg Elektroinstallationen GmbH,+43 3332 622500,www.elektroteam.cc,Austria,
Stadtwerke Kapfenberg GmbH,+43 3862 23516,www.stadtwerke-kapfenberg.at,Austria,info@yourdomain.com
Stadtwerke Schwaz GmbH,+43 5242 6970,www.stadtwerkeschwaz.at,Austria,kundenberatung@stadtwerkeschwaz.at
Stanilux GmbH,+43 3452 722000,www.stanilux.at,Austria,info@stanilux.at
Stefan Böhm,+43 2168 63700,www.boehm-stefan.at,Austria,office@boehm-stefan.at
Stegbauer Haustechnik GesmbH,+43 664 9173030,www.boehm-stefan.at,Austria,office@boehm-stefan.at
STEP - Schnell Termintreu Engagiert Partnerschaftlich GmbH,+43 3171 5600,www.boehm-stefan.at,Austria,office@boehm-stefan.at
Stepan GmbH,+43 1 8779488,www.stepan.at,Austria,office@stepan.at
Ing. Stephan Wendelin Sanitär Heizung e.U.,+43 5337 62433,www.stepan.at,Austria,office@stepan.at
Stindl Installations GmbH,+43 2282 2146,www.stindl.at,Austria,
Stockinger Bau GmbH,+43 7747 20320,www.stindl.at,Austria,
Strawak Energie GmbH,+43 664 2494854,strawak.at,Austria,
Strobl Elektrotechnik e.U.,+43 6245 70391,https://e-strobl.at,Austria,
Stromaufwärts Photovoltaik GmbH,+43 5522 48866,www.stromaufwaerts.at,Austria,
Strombuam OG,+43 676 6220015,https://www.strombuam.at,Austria,office@strombuam.at
StromvomDach Erl GmbH,+43 537 381069,www.stromvomdach.at,Austria,
Sun.e-solution GmbH,+43 4852 64746,sune-solution.com,Austria,info@sune-solution.com
Sun4energy Ecopower GmbH,+43 6643 445801,sune-solution.com,Austria,info@sune-solution.com
Sunworld Energietechnik GmbH,+43 463 329733,www.sunworld.at,Austria,office@sunworld.at
SUREnergy GmbH,+43 664 73319070,www.sunworld.at,Austria,office@sunworld.at
Swimsol,+43 1967 2333,swimsol.com,Austria,
Stadtwerke Ludwigsburg-Kornwestheim GmbH,+43 7141 9102187,swimsol.com,Austria,
Szeiszer Peter Spenglerei-Dachdeckere,+43 3326 54052,https://www.szeiszer-dach.at,Austria,
TeSolar,+43 3465 2638,www.tesolar.at,Austria,office@tesolar.at
Thaller GmbH,+43 7674 62215,www.expert-thaller.at,Austria,767w@2x.jpeg
Thomas Götschhofer Ges.m.b.H.,+43 699 17018074,gut-durchdacht.at,Austria,
TP-Elektrotechnik e.U.,+43 664 4330301,https://www.tp-elektrotechnik.at,Austria,office@rundrweb.com
Trabos Installationen,+43 660 7531752,www.trabos-installationen.at,Austria,
TRENZ Installationstechnik GmbH,+43 2287 2493,https://www.trenz-heizung.at,Austria,trenz@aon.at
TyrolPV Elektrotechnik GmbH,+43 5273 60478,https://www.trenz-heizung.at,Austria,trenz@aon.at
Unser Kraftwerk UK-Naturstrom GmbH,+43 463 21807323,https://www.unserkraftwerk.at,Austria,office@unserkraftwerk.at
Urban GesmbH,+43 2247 2421,https://www.dachdeckerei-urban.at,Austria,stephan.haubner@herold.at
Verbund AG,+43 800 210210,https://www.verbund.com,Austria,
Vogl Haustechnik e.U.,+43 3578 23120,https://www.heiz.at,Austria,
W. Stadler GmbH,+43 7235 63106,www.stadler.at,Austria,spenglerei@stadler.at
Wagner Dach GmbH,+43 3467 72466,https://www.wagner-dach.at,Austria,
Wagner Montage GmbH,+43 664 3869727,https://www.wagner-dach.at,Austria,
Waldschütz Buxbaum,+43 2984 2493,https://w-b.at,Austria,wb@w-b.at
Walter Tatzer GmbH,+43 1 3339820,www.walter-tatzer.at,Austria,office@walter-tatzer.at
Wieland Ges.m.b.H.,+43 6474 2230,www.wieland.at,Austria,office@wieland.at
Wien Energie GmbH,+43 800 500800,www.wienenergie.at,Austria,
Wieser + Scherer Zeller Haustechnik GmbH & Co KG,+43 6542 55555,https://www.zeller-haustechnik.at,Austria,info@zeller-haustechnik.at
Wimmer Elektro e.U.,+43 7247 50360,www.wimmer-elektro.at,Austria,office@wimmer-elektro.at
Wimplinger Sonnenstrom GmbH,+43 7754 303340,www.sonnenstrom-gmbh.at,Austria,office@sonnenstrom-gmbh.at
Windkraft Simonsfeld AG,+43 2576 3324,www.sonnenstrom-gmbh.at,Austria,office@sonnenstrom-gmbh.at
Wonisch Installationen GmbH,+43 3465 2320,www.wonisch.co.at,Austria,office@wonisch.co.at
Wöran GmbH,+43 7260 4070,www.woeran.com,Austria,office@woeran.com
Zaglmayr Gesellschaft m.b.H. & Co. KG.,+43 7711 2260,www.woeran.com,Austria,office@woeran.com
Zankl GmbH,+43 2875 8375,www.zankldach.eu,Austria,office@waldsoft.at
Zehetmayer Franz GesmbH,+43 1333 0666,www.spenglerei-wien.at,Austria,spenglerei-zehetmayer@aon.at
Zeinzinger Andreas e.U.,+43 2857 25300,nordwaldcenter.at,Austria,767w@2x.jpeg
Ziegelwanger GmbH,+43 2982 29350,www.haustechnik-ziegelwanger.at,Austria,office@expert-ziegelwanger.at
Ziller Elektrotechnik,+43 664 4704723,https://www.ziller-elektrotechnik.at,Austria,ziller.elektro@outlook.com
Zöchling GmbH,+43 4242 36539,https://www.ziller-elektrotechnik.at,Austria,ziller.elektro@outlook.com
Zweimüller – Haustechnik GesmbH,+43 7762 3537,www.zweimueller-ht.at,Austria,
